padres,de,familia ; 7
los,padres,de ; 6
y,que,se ; 8
al,pendiente,de ; 9
redes,sociales,y ; 12
las,redes,sociales ; 26
usar,el,internet ; 6
de,lo,que ; 6
con,sus,hijos ; 6
los,ni,os ; 8
en,algo,feo ; 6
caiga,en,algo ; 6
nadie,caiga,en ; 6
que,nadie,caiga ; 6
para,que,nadie ; 6
mejor,para,que ; 6
seguridad,mejor,para ; 6
la,seguridad,mejor ; 6
hagan,la,seguridad ; 6
que,hagan,la ; 6
o,que,hagan ; 6
tenemos,o,que ; 6
que,tenemos,o ; 6
riesgos,que,tenemos ; 6
los,riesgos,que ; 10
saber,los,riesgos ; 6
decir,saber,los ; 6
es,decir,saber ; 12
seguridad,es,decir ; 6
o,seguridad,es ; 6
información,o,seguridad ; 6
buena,información,o ; 6
una,buena,información ; 6
darnos,una,buena ; 6
sepan,darnos,una ; 6
demás,sepan,darnos ; 6
los,demás,sepan ; 6
que,los,demás ; 6
quieres,que,los ; 6
no,quieres,que ; 6
que,no,quieres ; 6
personales,que,no ; 6
datos,personales,que ; 6
guardar,datos,personales ; 6
saber,guardar,datos ; 6
decir,saber,guardar ; 6
redes,es,decir ; 6
de,redes,es ; 6
tipo,de,redes ; 6
todo,tipo,de ; 8
en,todo,tipo ; 6
tener,en,todo ; 6
puedo,tener,en ; 6
que,puedo,tener ; 6
seguridad,que,puedo ; 6
la,seguridad,que ; 6
sobre,la,seguridad ; 7
informada,sobre,la ; 6
mas,informada,sobre ; 6
estar,mas,informada ; 6
órganos,estar,mas ; 6
donar,órganos,estar ; 6
o,donar,órganos ; 6
secuestro,o,donar ; 6
identidad,secuestro,o ; 6
tu,identidad,secuestro ; 6
robar,tu,identidad ; 6
pueden,robar,tu ; 6
te,pueden,robar ; 6
personales,te,pueden ; 6
datos,personales,te ; 6
tus,datos,personales ; 6
por,tus,datos ; 6
asegurados,por,tus ; 6
bien,asegurados,por ; 6
estar,bien,asegurados ; 6
no,estar,bien ; 6
de,no,estar ; 6
falta,de,no ; 6
por,falta,de ; 6
pues,por,falta ; 6
que,pues,por ; 6
ni,os,y ; 6
el,acceso,a ; 8
que,el,internet ; 7
uso,del,internet ; 8
en,las,redes ; 10
uso,de,internet ; 8
el,uso,de ; 12
uso,de,la ; 7
que,no,se ; 7
de,las,redes ; 6
redes,sociales,que ; 6
a,sus,hijos ; 7
que,no,son ; 8
el,mal,uso ; 7
a,los,padres ; 10
ninos,y,adolescentes ; 11
los,ninos,y ; 11
a,los,ninos ; 9
tres,anos,y ; 6
de,tres,anos ; 6
menores,de,tres ; 6
hijos,menores,de ; 6
sus,hijos,menores ; 6